"","Date","Open","High","Low","Close","Volume"
"1","1-Mar-12","548.17","548.21","538.77",544.47,24401884
"2","29-Feb-12","541.56","547.61","535.70",542.44,34000054
"3","28-Feb-12","527.96","535.41","525.85",535.41,21442354
"4","27-Feb-12","521.31","528.50","516.28",525.76,19556472
"5","24-Feb-12","519.67","522.90","518.64",522.41,14831415
"6","23-Feb-12","515.08","517.83","509.50",516.39,20286616
"7","22-Feb-12","513.08","515.49","509.07",513.04,17260544
"8","21-Feb-12","506.88","514.85","504.12",514.85,21628057
"9","17-Feb-12","503.11","507.77","500.30",502.12,19135313
"10","16-Feb-12","491.50","504.89","486.63",502.21,33733915
"11","15-Feb-12","514.26","526.29","496.89",497.67,53789720
"12","14-Feb-12","504.66","509.56","502.00",509.46,16497573
"13","13-Feb-12","499.53","503.83","497.09",502.6,18471658
"14","10-Feb-12","490.96","497.62","488.55",493.42,22546425
"15","9-Feb-12","480.76","496.75","480.56",493.17,31579086
"16","8-Feb-12","470.50","476.79","469.70",476.68,14567040
"17","7-Feb-12","465.25","469.75","464.58",468.83,11293609
"18","6-Feb-12","458.38","464.98","458.20",463.97,8917228
"19","3-Feb-12","457.30","460.00","455.56",459.68,10245287
"20","2-Feb-12","455.90","457.17","453.98",455.12,6671221
"21","1-Feb-12","458.41","458.99","455.55",456.19,9644366
"22","31-Jan-12","455.59","458.24","453.07",456.48,13996855
"23","30-Jan-12","445.71","453.90","445.39",453.01,13547439
"24","27-Jan-12","444.34","448.48","443.77",447.28,10710233
"25","26-Jan-12","448.36","448.79","443.14",444.63,11579673
"26","25-Jan-12","454.44","454.45","443.73",446.66,34223691
"27","24-Jan-12","425.10","425.10","419.55",420.41,19558473
"28","23-Jan-12","422.67","428.45","422.30",427.41,10930778
"29","20-Jan-12","427.49","427.50","419.75",420.3,14784607
"30","19-Jan-12","430.15","431.37","426.51",427.75,9347779
"31","18-Jan-12","426.96","429.47","426.30",429.11,9885394
"32","17-Jan-12","424.20","425.99","422.96",424.7,8674865
"33","13-Jan-12","419.70","420.45","418.66",419.81,8077107
"34","12-Jan-12","422.28","422.90","418.75",421.39,7597273
"35","11-Jan-12","422.68","422.85","419.31",422.55,7685437
"36","10-Jan-12","425.91","426.00","421.50",423.24,9225966
"37","9-Jan-12","425.50","427.75","421.35",421.73,14072256
"38","6-Jan-12","419.77","422.75","419.22",422.4,11370916
"39","5-Jan-12","414.95","418.55","412.67",418.03,9688115
"40","4-Jan-12","410.00","414.68","409.28",413.44,9294444
"41","3-Jan-12","409.40","412.50","409.00",411.23,10794957
"42","30-Dec-11","403.51","406.28","403.49",405,6420530
"43","29-Dec-11","403.40","405.65","400.51",405.12,7719863
"44","28-Dec-11","406.89","408.25","401.34",402.64,8173461
"45","27-Dec-11","403.10","409.09","403.02",406.53,9472659
"46","23-Dec-11","399.69","403.59","399.50",403.33,9628852
"47","22-Dec-11","397.00","399.13","396.10",398.55,7227016
"48","21-Dec-11","396.69","397.30","392.01",396.44,9390954
"49","20-Dec-11","387.76","396.10","387.26",395.95,12050104
"50","19-Dec-11","382.47","384.85","380.48",382.21,8411702
"51","16-Dec-11","380.36","384.15","379.57",381.02,15056343
"52","15-Dec-11","383.33","383.74","378.31",378.94,9158875
"53","14-Dec-11","386.70","387.38","377.68",380.19,14541240
"54","13-Dec-11","393.00","395.40","387.10",388.81,12112029
"55","12-Dec-11","391.68","393.90","389.45",391.84,10752338
"56","9-Dec-11","392.85","394.04","391.03",393.62,10612255
"57","8-Dec-11","391.45","395.50","390.23",390.66,13441293
"58","7-Dec-11","389.93","390.94","386.76",389.09,10892847
"59","6-Dec-11","392.51","394.63","389.38",390.95,10135859
"60","5-Dec-11","393.49","396.41","390.39",393.01,12763161
"61","2-Dec-11","389.83","393.63","388.58",389.7,13545470
"62","1-Dec-11","382.54","389.00","380.75",387.93,13827834
"63","30-Nov-11","381.29","382.28","378.30",382.2,14502386
"64","29-Nov-11","375.84","378.83","370.20",373.2,13429694
"65","28-Nov-11","372.35","376.72","370.33",376.12,12380122
"66","25-Nov-11","368.42","371.15","363.32",363.57,9098543
"67","23-Nov-11","374.51","375.84","366.88",366.99,15308635
"68","22-Nov-11","371.02","377.93","370.94",376.51,14617763
"69","21-Nov-11","370.40","371.68","365.91",369.01,16007227
"70","18-Nov-11","378.92","379.99","374.88",374.94,13288395
"71","17-Nov-11","383.98","384.58","375.50",377.41,17147164
"72","16-Nov-11","389.25","391.14","384.32",384.77,12471716
"73","15-Nov-11","380.80","389.50","379.45",388.83,15392116
"74","14-Nov-11","383.52","385.25","378.20",379.26,15466501
"75","11-Nov-11","386.61","388.70","380.26",384.62,23349431
"76","10-Nov-11","397.03","397.21","382.15",385.22,26606467
"77","9-Nov-11","396.97","400.89","394.23",395.28,19952990
"78","8-Nov-11","402.21","408.00","401.56",406.23,14301406
"79","7-Nov-11","399.91","400.00","396.13",399.73,9652257
"80","4-Nov-11","402.03","403.44","399.16",400.24,10793856
"81","3-Nov-11","399.07","403.40","395.36",403.07,15768725
"82","2-Nov-11","400.09","400.44","395.11",397.41,11723381
"83","1-Nov-11","397.41","399.50","393.22",396.51,18992411
"84","31-Oct-11","402.42","409.33","401.05",404.78,13772329
"85","28-Oct-11","403.00","406.35","402.51",404.95,11529964
"86","27-Oct-11","407.56","409.00","401.89",404.69,17673331
"87","26-Oct-11","401.76","402.55","393.15",400.6,16296426
"88","25-Oct-11","405.03","406.55","397.38",397.77,15378600
"89","24-Oct-11","396.18","406.50","395.40",405.77,17941292
"90","21-Oct-11","398.10","399.14","390.75",392.87,22187216
"91","20-Oct-11","400.00","400.35","394.21",395.31,19626042
"92","19-Oct-11","401.35","408.42","397.80",398.62,39428299
"93","18-Oct-11","421.76","424.81","415.99",422.24,31485728
"94","17-Oct-11","421.74","426.70","415.94",419.99,24501528
"95","14-Oct-11","416.83","422.00","415.27",422,20477390
"96","13-Oct-11","404.98","408.43","402.85",408.43,15220825
"97","12-Oct-11","407.34","409.25","400.14",402.19,22224426
"98","11-Oct-11","392.57","403.18","391.50",400.29,21631495
"99","10-Oct-11","379.09","388.81","378.21",388.81,15804041
"100","7-Oct-11","375.78","377.74","368.49",369.8,19129166
"101","6-Oct-11","373.33","384.78","371.80",377.37,29020722
"102","5-Oct-11","367.86","379.82","360.30",378.25,28088194
"103","4-Oct-11","374.57","381.80","354.24",372.5,44059841
"104","3-Oct-11","380.37","382.64","373.17",374.6,23895573
"105","30-Sep-11","387.12","388.89","381.18",381.32,19579889
"106","29-Sep-11","401.92","402.21","386.21",390.57,23263021
"107","28-Sep-11","400.19","403.74","396.51",397.01,15351883
"108","27-Sep-11","408.73","409.25","398.06",399.26,22589196
"109","26-Sep-11","399.86","403.98","391.30",403.17,29031266
"110","23-Sep-11","400.28","406.74","399.85",404.3,19517230
"111","22-Sep-11","401.03","409.82","396.70",401.82,34588591
"112","21-Sep-11","419.64","421.59","412.00",412.14,21641965
"113","20-Sep-11","415.25","422.86","411.19",413.45,27705327
"114","19-Sep-11","397.00","413.23","395.20",411.63,29423540
"115","16-Sep-11","395.54","400.50","395.03",400.5,24946023
"116","15-Sep-11","391.43","393.66","389.90",392.96,14922083
"117","14-Sep-11","387.02","392.21","385.76",389.3,19097264
"118","13-Sep-11","382.14","386.21","380.25",384.62,15740641
"119","12-Sep-11","373.00","380.88","371.90",379.94,16708284
"120","9-Sep-11","383.93","386.00","375.02",377.48,20181344
"121","8-Sep-11","382.40","388.61","382.31",384.14,14862780
"122","7-Sep-11","385.56","385.60","382.00",383.93,12520542
"123","6-Sep-11","367.37","380.33","366.48",379.74,18203447
"124","2-Sep-11","374.74","378.00","371.83",374.05,15684502
"125","1-Sep-11","385.82","387.34","380.72",381.03,12275815
"126","31-Aug-11","390.57","392.08","381.86",384.83,18669842
"127","30-Aug-11","388.25","391.84","386.21",389.99,14925752
"128","29-Aug-11","388.18","391.50","388.00",389.97,14473307
"129","26-Aug-11","371.17","383.80","370.80",383.58,22909823
"130","25-Aug-11","365.08","375.45","365.00",373.72,31117868
"131","24-Aug-11","373.47","378.96","370.60",376.18,22366701
"132","23-Aug-11","360.30","373.64","357.00",373.6,23458368
"133","22-Aug-11","364.51","364.88","355.09",356.44,19118030
"134","19-Aug-11","362.17","367.00","356.00",356.03,27710078
"135","18-Aug-11","370.84","372.65","361.37",366.05,30408327
"136","17-Aug-11","382.31","384.52","378.00",380.44,15787849
"137","16-Aug-11","381.52","383.37","376.06",380.48,17817446
"138","15-Aug-11","379.63","384.97","378.09",383.41,16447924
"139","12-Aug-11","378.02","379.64","374.23",376.99,18891915
"140","11-Aug-11","370.52","375.45","364.72",373.7,26498730
"141","10-Aug-11","371.15","374.65","362.50",363.69,31380328
"142","9-Aug-11","361.30","374.61","355.00",374.01,38663672
"143","8-Aug-11","361.69","367.77","353.02",353.21,40850172
"144","5-Aug-11","380.44","383.50","362.57",373.62,43020050
"145","4-Aug-11","389.41","391.32","377.35",377.37,31121632
"146","3-Aug-11","388.22","393.55","382.24",392.57,26160828
"147","2-Aug-11","397.65","392.88","382.24",388.21,35852684
"148","1-Aug-11","397.78","399.50","392.37",396.75,21886851
"149","29-Jul-11","387.64","395.15","384.00",390.48,22592270
"150","28-Jul-11","391.62","396.99","388.13",391.82,21215156
"151","27-Jul-11","400.59","402.64","392.15",392.59,23547210
"152","26-Jul-11","400.00","404.50","399.68",403.41,17020718
"153","25-Jul-11","390.35","400.00","389.62",398.5,21064442
"154","22-Jul-11","388.32","395.05","387.75",393.3,18454555
"155","21-Jul-11","386.95","390.06","383.90",387.29,18804148
"156","20-Jul-11","396.12","396.27","386.00",386.9,33618816
"157","19-Jul-11","378.00","378.65","373.32",376.85,29255192
"158","18-Jul-11","365.43","374.65","365.28",373.8,20451089
"159","15-Jul-11","361.17","365.00","359.17",364.92,17302334
"160","14-Jul-11","361.01","361.61","356.34",357.77,15376165
"161","13-Jul-11","358.33","360.00","356.38",358.02,13987074
"162","12-Jul-11","353.53","357.68","348.62",353.75,16128813
"163","11-Jul-11","356.34","359.77","352.82",354,15816282
"164","8-Jul-11","353.34","360.00","352.20",359.71,17497377
"165","7-Jul-11","354.67","358.00","354.00",357.2,14273617
"166","6-Jul-11","348.95","354.10","346.71",351.76,15879463
"167","5-Jul-11","343.00","349.83","342.50",349.43,12688374
"168","1-Jul-11","335.95","343.50","334.20",343.26,15546887
"169","30-Jun-11","334.70","336.13","332.84",335.67,11543913
"170","29-Jun-11","336.04","336.37","331.88",334.04,12597010
"171","28-Jun-11","333.65","336.70","333.44",335.26,10510701
"172","27-Jun-11","327.59","333.90","327.25",332.04,12141419
"173","24-Jun-11","331.37","333.15","325.09",326.35,15711616
"174","23-Jun-11","318.94","331.69","318.12",331.23,19991322
"175","22-Jun-11","325.16","328.90","322.38",322.61,13949348
"176","21-Jun-11","316.68","325.80","315.20",325.3,17620502
"177","20-Jun-11","317.36","317.70","310.50",315.32,22880182
"178","17-Jun-11","328.99","329.25","319.36",320.26,21981807
"179","16-Jun-11","326.90","328.68","318.33",325.16,18235334
"180","15-Jun-11","329.75","330.30","324.88",326.75,14264555
"181","14-Jun-11","330.00","333.25","329.31",332.44,11948843
"182","13-Jun-11","327.20","328.31","325.07",326.6,11773444
"183","10-Jun-11","330.55","331.66","325.51",325.9,15504200
"184","9-Jun-11","333.25","333.67","330.75",331.49,9834457
"185","8-Jun-11","331.78","334.80","330.65",332.24,11924511
"186","7-Jun-11","338.17","338.22","331.90",332.04,18927580
"187","6-Jun-11","345.96","347.05","337.81",338.04,16497811
"188","3-Jun-11","343.18","345.33","342.01",343.44,11194395
"189","2-Jun-11","346.50","347.98","344.30",346.1,12103016
"190","1-Jun-11","348.87","352.13","344.65",345.51,19810086
"191","31-May-11","341.10","347.83","341.00",347.83,14919162
"192","27-May-11","334.80","337.63","334.31",337.41,7273271
"193","26-May-11","335.97","336.89","334.44",335,7953393
"194","25-May-11","333.43","338.56","332.85",336.78,10507919
"195","24-May-11","335.50","335.90","331.34",332.19,11502950
"196","23-May-11","329.97","335.98","329.42",334.4,13661031
"197","20-May-11","339.56","340.95","335.02",335.22,12078244
"198","19-May-11","342.08","342.41","338.67",340.53,9327330
"199","18-May-11","336.47","341.05","336.00",339.87,11956181
"200","17-May-11","332.00","336.14","330.73",336.14,16170951
"201","16-May-11","339.20","341.22","332.60",333.3,16076482
"202","13-May-11","345.66","346.25","340.35",340.5,11649708
"203","12-May-11","346.12","347.12","342.27",346.57,11462799
"204","11-May-11","349.02","350.00","345.24",347.23,12002669
"205","10-May-11","348.89","349.69","346.66",349.45,10074567
"206","9-May-11","347.86","349.20","346.53",347.6,7312593
"207","6-May-11","349.69","350.00","346.21",346.66,10008755
"208","5-May-11","348.40","350.95","346.05",346.75,12009336
"209","4-May-11","348.26","351.83","346.88",349.57,13901747
"210","3-May-11","347.99","349.89","345.62",348.2,11198607
"211","2-May-11","349.74","350.47","345.50",346.28,15811178
"212","29-Apr-11","346.78","353.95","346.67",350.13,35940847
"213","28-Apr-11","346.19","349.75","345.52",346.75,12899589
"214","27-Apr-11","352.24","352.35","347.10",350.15,12721841
"215","26-Apr-11","353.62","354.99","349.35",350.42,12057235
"216","25-Apr-11","350.34","353.75","350.30",353.01,9519470
"217","21-Apr-11","355.00","355.13","348.52",350.7,26921374
"218","20-Apr-11","343.51","345.75","341.50",342.41,25023406
"219","19-Apr-11","333.10","337.98","331.71",337.86,14977749
"220","18-Apr-11","326.10","332.23","320.16",331.85,21782061
"221","15-Apr-11","333.30","333.64","326.80",327.46,16208321
"222","14-Apr-11","334.80","336.00","332.06",332.42,10785343
"223","13-Apr-11","335.02","336.14","332.52",336.13,12372709
"224","12-Apr-11","330.49","333.73","330.20",332.4,15232440
"225","11-Apr-11","334.06","335.67","330.02",330.8,14255374
"226","8-Apr-11","339.92","340.15","333.95",335.06,13483331
"227","7-Apr-11","338.10","340.43","336.03",338.08,13337360
"228","6-Apr-11","341.22","343.90","337.14",338.04,14376383
"229","5-Apr-11","336.99","342.25","336.00",338.89,17248687
"230","4-Apr-11","344.31","344.60","338.40",341.19,16431506
"231","1-Apr-11","351.11","351.59","343.30",344.56,14952200
"232","31-Mar-11","346.36","349.80","346.06",348.51,9798858
"233","30-Mar-11","350.64","350.88","347.44",348.63,11764467
"234","29-Mar-11","347.66","350.96","346.06",350.96,12603565
"235","28-Mar-11","353.15","354.32","350.44",350.44,11048201
"236","25-Mar-11","348.07","352.06","347.02",351.54,16041828
"237","24-Mar-11","341.85","346.00","338.86",344.97,14453960
"238","23-Mar-11","339.28","340.22","335.95",339.19,13321214
"239","22-Mar-11","342.56","342.62","339.14",341.2,11651166
"240","21-Mar-11","335.99","339.74","335.26",339.3,14621080
"241","18-Mar-11","337.13","338.20","330.00",330.67,26900372
"242","17-Mar-11","336.83","339.61","330.66",334.64,23550711
"243","16-Mar-11","342.00","343.00","326.26",330.01,41312518
"244","15-Mar-11","342.10","347.84","340.10",345.43,25751762
"245","14-Mar-11","353.18","356.48","351.31",353.56,15587670
"246","11-Mar-11","345.33","352.32","345.00",351.99,16824288
"247","10-Mar-11","349.12","349.77","344.90",346.67,18138865
"248","9-Mar-11","354.69","354.76","350.60",352.47,16192719
"249","8-Mar-11","354.91","357.40","352.25",355.76,12725565
"250","7-Mar-11","361.40","361.67","351.31",355.36,19504307
"251","4-Mar-11","360.07","360.29","357.75",360,16188069
"252","3-Mar-11","357.19","359.79","355.92",359.56,17885252
"253","2-Mar-11","349.96","354.35","348.40",352.12,21521027
"254","1-Mar-11","355.47","355.72","347.68",349.31,16290309
"255","28-Feb-11","351.24","355.05","351.12",353.21,14395497
"256","25-Feb-11","345.26","348.43","344.80",348.16,13572069
"257","24-Feb-11","344.02","345.15","338.37",342.88,17853502
"258","23-Feb-11","338.77","344.64","338.61",342.62,23994706
"259","22-Feb-11","342.15","345.40","337.72",338.61,31162223
"260","18-Feb-11","358.71","359.50","349.52",350.56,29144532
"261","17-Feb-11","357.25","360.27","356.52",358.3,18949072
"262","16-Feb-11","360.80","364.90","360.50",363.13,17184119
"263","15-Feb-11","359.19","359.97","357.55",359.9,10149063
"264","14-Feb-11","356.79","359.48","356.71",359.18,11086213
"265","11-Feb-11","354.75","357.80","353.54",356.85,13127564
"266","10-Feb-11","357.39","360.00","348.00",354.54,33162480
"267","9-Feb-11","355.19","359.00","354.87",358.16,17240870
"268","8-Feb-11","353.68","355.52","352.15",355.2,13608558
"269","7-Feb-11","347.89","353.25","347.64",351.88,17322130
"270","4-Feb-11","343.64","346.70","343.51",346.5,11494225
"271","3-Feb-11","343.80","344.24","338.55",343.44,14064164
"272","2-Feb-11","344.45","345.25","343.55",344.32,9248401
"273","1-Feb-11","341.30","345.65","340.98",345.03,15236849
"274","31-Jan-11","335.80","340.04","334.30",339.32,13473086
"275","28-Jan-11","344.17","344.40","333.53",336.1,21144878
"276","27-Jan-11","343.78","344.69","342.83",343.21,10179423
"277","26-Jan-11","342.96","345.60","341.50",343.85,18102397
"278","25-Jan-11","336.33","341.44","334.57",341.4,19530950
"279","24-Jan-11","326.87","337.45","326.72",337.45,20524364
"280","21-Jan-11","333.77","334.88","326.63",326.72,26942816
"281","20-Jan-11","336.43","338.30","330.12",332.68,27313899
"282","19-Jan-11","348.35","348.60","336.88",338.84,40557457
"283","18-Jan-11","329.52","344.76","326.00",340.65,67178100
"284","14-Jan-11","345.89","348.48","344.44",348.48,11029964
"285","13-Jan-11","345.16","346.64","343.85",345.68,10648026
"286","12-Jan-11","343.25","344.43","342.00",344.42,10806330
"287","11-Jan-11","344.88","344.96","339.47",341.64,15859999
"288","10-Jan-11","338.83","343.23","337.17",342.46,16019926
"289","7-Jan-11","333.99","336.35","331.90",336.12,11140316
"290","6-Jan-11","334.72","335.25","332.90",333.73,10729518
"291","5-Jan-11","329.55","334.34","329.50",334,9125599
"292","4-Jan-11","332.44","332.50","328.15",331.29,11048143
"293","3-Jan-11","325.64","330.26","324.84",329.57,15897201
"294","31-Dec-10","322.95","323.48","321.31",322.56,6916261
"295","30-Dec-10","325.48","325.51","323.05",323.66,5630713
"296","29-Dec-10","326.22","326.45","325.10",325.29,5831096
"297","28-Dec-10","325.91","326.66","325.06",325.47,6282971
"298","27-Dec-10","322.85","325.44","321.52",324.68,8921957
"299","23-Dec-10","325.00","325.15","323.17",323.6,7982168
"300","22-Dec-10","324.36","325.72","323.55",325.16,9505147
"301","21-Dec-10","323.00","324.39","322.05",324.2,9155412
"302","20-Dec-10","321.60","323.25","318.23",322.21,13771742
"303","17-Dec-10","321.63","321.79","320.23",320.61,13826724
"304","16-Dec-10","321.09","322.61","320.10",321.25,11501014
"305","15-Dec-10","320.00","323.00","319.19",320.36,14903902
"306","14-Dec-10","321.73","322.54","319.00",320.29,12555966
"307","13-Dec-10","324.37","325.06","321.00",321.67,15707619
"308","10-Dec-10","319.65","321.05","318.60",320.56,9377749
"309","9-Dec-10","322.13","322.50","319.02",319.76,10505218
"310","8-Dec-10","319.63","321.02","317.11",321.01,11497643
"311","7-Dec-10","323.80","323.99","318.12",318.21,13980495
"312","6-Dec-10","318.64","322.33","318.42",320.15,16017161
"313","3-Dec-10","317.01","318.65","316.34",317.44,12227469
"314","2-Dec-10","317.53","319.00","314.89",318.15,16558988
"315","1-Dec-10","315.27","317.75","315.00",316.4,16491096
"316","30-Nov-10","313.54","314.36","310.87",311.15,17923329
"317","29-Nov-10","315.50","317.48","311.38",316.87,15919985
"318","26-Nov-10","313.74","317.70","312.94",315,8490891
"319","24-Nov-10","312.00","315.40","311.75",314.8,14795448
"320","23-Nov-10","310.45","311.75","306.56",308.73,18551612
"321","22-Nov-10","306.68","313.36","305.87",313.36,14038356
"322","19-Nov-10","307.97","308.40","305.24",306.73,13744399
"323","18-Nov-10","305.20","309.67","304.69",308.43,17660349
"324","17-Nov-10","301.20","303.99","297.76",300.5,17123201
"325","16-Nov-10","305.72","307.60","299.32",301.59,23533906
"326","15-Nov-10","308.46","310.54","306.27",307.04,14414422
"327","12-Nov-10","316.00","316.50","303.63",308.03,28423066
"328","11-Nov-10","315.00","318.40","314.25",316.66,12902919
"329","10-Nov-10","316.64","318.77","313.55",318.03,13722339
"330","9-Nov-10","321.05","321.30","314.50",316.08,13704115
"331","8-Nov-10","317.20","319.77","316.76",318.62,10061901
"332","5-Nov-10","317.99","319.57","316.75",317.13,12901895
"333","4-Nov-10","315.45","320.18","315.03",318.27,22945997
"334","3-Nov-10","311.37","312.88","308.53",312.8,18155264
"335","2-Nov-10","307.00","310.19","307.00",309.36,15497491
"336","1-Nov-10","302.22","305.60","302.20",304.18,15138893
"337","29-Oct-10","304.23","305.88","300.87",300.98,15375304
"338","28-Oct-10","307.95","308.00","300.90",305.24,19680220
"339","27-Oct-10","307.65","309.90","305.60",307.83,14250010
"340","26-Oct-10","306.87","309.74","305.65",308.05,14033191
"341","25-Oct-10","309.09","311.60","308.44",308.84,14015428
"342","22-Oct-10","309.07","310.04","306.30",307.47,13313408
"343","21-Oct-10","312.36","314.74","306.80",309.52,19694903
"344","20-Oct-10","309.00","314.25","306.87",310.53,25772290
"345","19-Oct-10","303.40","313.77","300.02",309.49,44027119
"346","18-Oct-10","318.47","319.00","314.29",318,39444913
"347","15-Oct-10","307.44","315.00","304.91",314.74,32935492
"348","14-Oct-10","301.69","302.47","300.40",302.31,15546275
"349","13-Oct-10","300.20","301.96","299.80",300.14,22503227
"350","12-Oct-10","295.41","299.50","292.49",298.54,19947809
"351","11-Oct-10","294.74","297.24","294.60",295.36,15276819
"352","8-Oct-10","291.71","294.50","290.00",294.07,23514402
"353","7-Oct-10","290.34","290.48","286.91",289.22,14585611
"354","6-Oct-10","289.59","291.99","285.26",289.19,23959502
"355","5-Oct-10","282.00","289.45","281.82",288.94,17927350
"356","4-Oct-10","281.60","282.90","277.77",278.64,15546424
"357","1-Oct-10","286.15","286.58","281.35",282.52,16014492
"358","30-Sep-10","289.00","290.00","281.25",283.75,24049636
"359","29-Sep-10","287.23","289.81","286.00",287.37,16772944
"360","28-Sep-10","291.77","291.77","275.00",286.86,36965773
"361","27-Sep-10","293.98","294.73","291.01",291.16,17253559
"362","24-Sep-10","292.10","293.53","290.55",292.32,23195972
"363","23-Sep-10","286.33","292.76","286.00",288.92,28075553
"364","22-Sep-10","282.71","287.98","282.41",287.75,20907682
"365","21-Sep-10","283.86","287.35","282.79",283.77,23916983
"366","20-Sep-10","276.08","283.78","275.85",283.23,23546119
"367","17-Sep-10","277.69","277.96","273.68",275.37,22659813
"368","16-Sep-10","270.24","276.67","269.50",276.57,23289341
"369","15-Sep-10","268.17","270.38","267.84",270.22,15334510
"370","14-Sep-10","266.21","269.17","265.52",268.06,14576759
"371","13-Sep-10","265.82","268.28","265.76",267.04,13884995
"372","10-Sep-10","263.19","264.50","261.40",263.41,13848617
"373","9-Sep-10","265.04","266.52","262.92",263.07,15663371
"374","8-Sep-10","259.78","264.39","259.10",262.92,18805302
"375","7-Sep-10","256.64","259.53","256.25",257.81,12243759
"376","6-Sep-10","-","-","-",258.77,0
"377","3-Sep-10","255.09","258.78","254.50",258.77,18599581
"378","2-Sep-10","251.26","252.17","248.57",252.17,14836614
"379","1-Sep-10","247.47","251.46","246.28",250.33,24894115
"380","31-Aug-10","241.85","244.56","240.35",243.1,15028086
"381","30-Aug-10","240.76","245.75","240.68",242.5,13688842
"382","27-Aug-10","241.75","242.61","235.56",241.62,19592368
"383","26-Aug-10","245.45","245.75","240.28",240.28,16660829
"384","25-Aug-10","238.04","243.99","237.20",242.89,21316604
"385","24-Aug-10","242.67","243.00","238.65",239.93,21519744
"386","23-Aug-10","251.79","252.00","245.25",245.8,14788116
"387","20-Aug-10","249.39","253.92","249.00",249.64,13722458
"388","19-Aug-10","252.84","253.48","248.68",249.88,15239461
"389","18-Aug-10","252.36","254.67","251.58",253.07,12131989
"390","17-Aug-10","250.08","254.63","249.20",251.97,15094603
"391","16-Aug-10","247.58","250.01","246.62",247.64,11372407
"392","13-Aug-10","251.65","251.88","249.09",249.1,12673805
"393","12-Aug-10","246.69","253.10","246.12",251.79,19104262
"394","11-Aug-10","255.40","255.69","249.81",250.19,22144724
"395","10-Aug-10","259.85","260.45","257.55",259.41,16139915
"396","9-Aug-10","261.48","262.15","259.57",261.75,10825908
"397","6-Aug-10","259.78","261.49","257.63",260.09,15893330
"398","5-Aug-10","261.73","263.18","260.55",261.7,10334374
"399","4-Aug-10","262.84","264.28","260.31",262.98,15019868
"400","3-Aug-10","261.01","263.26","259.42",261.93,14916174
"401","2-Aug-10","260.44","262.59","259.62",261.85,15288718
"402","30-Jul-10","255.89","259.70","254.90",257.25,16016280
"403","29-Jul-10","260.71","262.65","256.10",258.11,22993055
"404","28-Jul-10","263.67","265.99","260.25",260.96,18570870
"405","27-Jul-10","260.87","264.80","260.30",264.08,20884663
"406","26-Jul-10","260.00","260.10","257.71",259.28,15019636
"407","23-Jul-10","257.09","260.38","256.28",259.94,19049523
"408","22-Jul-10","257.68","260.00","255.31",259.02,23047046
"409","21-Jul-10","265.09","265.15","254.00",254.24,42345346
"410","20-Jul-10","242.90","252.90","240.01",251.89,38391073
"411","19-Jul-10","249.88","249.88","239.60",245.58,36589212
"412","16-Jul-10","253.18","254.97","248.41",249.9,37137768
"413","15-Jul-10","248.23","256.97","247.30",251.45,29459407
"414","14-Jul-10","249.38","255.80","249.00",252.73,29006112
"415","13-Jul-10","256.32","256.40","246.43",251.8,42534094
"416","12-Jul-10","258.53","261.85","254.86",257.28,20102748
"417","9-Jul-10","256.89","259.90","255.16",259.62,15484791
"418","8-Jul-10","262.48","262.90","254.89",258.09,26362523
"419","7-Jul-10","250.49","258.77","249.75",258.66,23377116
"420","6-Jul-10","251.00","252.80","246.16",248.63,21972668
"421","5-Jul-10","-","-","-",246.94,0
"422","2-Jul-10","250.49","250.93","243.20",246.94,24803483
"423","1-Jul-10","254.30","254.80","243.22",248.48,36534020
"424","30-Jun-10","256.71","257.97","250.01",251.53,26409580
"425","29-Jun-10","264.12","264.39","254.30",256.17,40476590
"426","28-Jun-10","266.93","269.75","264.52",268.3,20908322
"427","25-Jun-10","270.06","270.27","265.81",266.7,19640753
"428","24-Jun-10","271.00","273.20","268.10",269,25540402
"429","23-Jun-10","274.58","274.66","267.90",270.97,27444819
"430","22-Jun-10","272.16","275.97","271.50",273.85,25616428
"431","21-Jun-10","277.69","279.01","268.73",270.17,27731779
"432","18-Jun-10","272.25","275.00","271.42",274.07,28022135
"433","17-Jun-10","270.60","272.90","269.50",271.87,31195033
"434","16-Jun-10","261.10","267.75","260.63",267.25,27988910
"435","15-Jun-10","255.64","259.85","255.50",259.69,20895471
"436","14-Jun-10","255.96","259.15","254.01",254.28,21534300
"437","11-Jun-10","248.22","253.86","247.37",253.51,19491412
"438","10-Jun-10","244.84","250.98","242.20",250.51,27726991
"439","9-Jun-10","251.47","251.90","242.49",243.2,30522453
"440","8-Jun-10","253.24","253.80","245.65",249.33,35741717
"441","7-Jun-10","258.29","259.15","250.55",250.94,31677934
"442","4-Jun-10","258.21","261.90","254.63",255.96,27087206
"443","3-Jun-10","265.18","265.55","260.41",263.12,23219902
"444","2-Jun-10","264.54","264.80","260.34",263.95,24590932
"445","1-Jun-10","259.69","265.94","258.96",260.83,31302626
"446","31-May-10","-","-","-",256.88,0
"447","28-May-10","259.39","259.40","253.35",256.88,29129031
"448","27-May-10","250.60","253.89","249.11",253.35,23796477
"449","26-May-10","250.08","252.13","243.75",244.11,30380592
"450","25-May-10","239.35","246.76","237.16",245.22,37429051
"451","24-May-10","247.28","250.90","246.26",246.76,26937337
"452","21-May-10","232.82","244.50","231.35",242.32,43710965
"453","20-May-10","241.88","243.85","236.21",237.76,45818391
"454","19-May-10","249.50","252.92","244.85",248.34,36633058
"455","18-May-10","256.98","258.55","250.26",252.36,27952708
"456","17-May-10","254.70","256.18","247.71",254.22,27244036
"457","14-May-10","255.16","256.48","249.50",253.82,27120051
"458","13-May-10","263.22","265.00","256.40",258.36,21418218
"459","12-May-10","259.24","263.13","258.70",262.09,23370625
"460","11-May-10","251.84","259.89","250.50",256.52,30369687
"461","10-May-10","250.25","254.65","248.53",253.99,35153744
"462","7-May-10","243.71","246.57","225.21",235.86,59857756
"463","6-May-10","253.83","258.25","199.25",246.25,45923556
"464","5-May-10","253.03","258.14","248.73",255.98,31539398
"465","4-May-10","263.03","263.29","256.75",258.68,25850690
"466","3-May-10","263.84","267.88","262.88",266.35,16226433
"467","30-Apr-10","269.31","270.57","261.00",261.09,19373668
"468","29-Apr-10","263.02","270.00","262.01",268.64,19958535
"469","28-Apr-10","263.25","264.00","256.41",261.6,27085710
"470","27-Apr-10","267.27","267.84","260.52",262.04,25333632
"471","26-Apr-10","271.88","272.46","268.19",269.5,17109573
"472","23-Apr-10","267.99","272.18","267.00",270.83,28462622
"473","22-Apr-10","258.24","266.75","256.20",266.47,28336545
"474","21-Apr-10","258.80","260.25","255.73",259.22,35085400
"475","20-Apr-10","248.54","249.25","242.96",244.59,26368711
"476","19-Apr-10","247.03","247.89","241.77",247.07,20247213
"477","16-Apr-10","248.57","251.14","244.55",247.4,26805138
"478","15-Apr-10","245.78","249.03","245.51",248.92,13456560
"479","14-Apr-10","245.28","245.81","244.07",245.69,14431222
"480","13-Apr-10","241.86","242.80","241.11",242.43,10936075
"481","12-Apr-10","242.20","243.07","241.81",242.29,11900548
"482","9-Apr-10","241.43","241.89","240.46",241.79,11935092
"483","8-Apr-10","240.44","241.54","238.04",239.95,20463803
"484","7-Apr-10","239.72","241.92","238.66",240.6,22446433
"485","6-Apr-10","238.20","240.24","237.00",239.54,15964884
"486","5-Apr-10","234.98","238.51","234.77",238.49,24446617
"487","2-Apr-10","-","-","-",235.97,0
"488","1-Apr-10","237.49","238.73","232.75",235.97,21540857
"489","31-Mar-10","235.49","236.61","234.46",235,15380651
"490","30-Mar-10","236.60","237.48","234.25",235.84,18832475
"491","29-Mar-10","233.00","233.87","231.62",232.39,19312255
"492","26-Mar-10","228.95","231.95","228.55",230.9,22888305
"493","25-Mar-10","230.92","230.97","226.25",226.65,19402382
"494","24-Mar-10","227.64","230.20","227.51",229.37,21367176
"495","23-Mar-10","225.64","228.78","224.10",228.36,21515311
"496","22-Mar-10","220.47","226.00","220.15",224.75,16300662
"497","19-Mar-10","224.79","225.24","221.23",222.25,19980164
"498","18-Mar-10","224.10","225.00","222.61",224.65,12218159
"499","17-Mar-10","224.90","226.45","223.27",224.12,16105571
"500","16-Mar-10","224.18","224.98","222.51",224.45,15960948
"501","15-Mar-10","225.38","225.50","220.25",223.84,17625013
"502","12-Mar-10","227.37","227.73","225.75",226.6,14868660
"503","11-Mar-10","223.91","225.50","223.32",225.5,14489234
"504","10-Mar-10","223.83","225.48","223.20",224.84,21293449
"505","9-Mar-10","218.31","225.00","217.89",223.02,32866380
"506","8-Mar-10","220.01","220.09","218.25",219.08,15353177
"507","5-Mar-10","214.94","219.70","214.63",218.95,32129229
"508","4-Mar-10","209.28","210.92","208.63",210.71,13072848
"509","3-Mar-10","208.94","209.87","207.94",209.33,13294242
"510","2-Mar-10","209.93","210.83","207.74",208.85,20233736
"511","1-Mar-10","205.75","209.50","205.45",208.99,19646169
"512","26-Feb-10","202.38","205.17","202.00",204.62,18123580
"513","25-Feb-10","197.38","202.86","196.89",202,23764153
"514","24-Feb-10","198.23","201.44","197.84",200.66,16448768
"515","23-Feb-10","200.00","201.33","195.71",197.06,20546889
"516","22-Feb-10","202.34","202.50","199.19",200.42,13958024
"517","19-Feb-10","201.86","203.20","201.11",201.67,14847638
"518","18-Feb-10","201.63","203.89","200.92",202.93,15100873
"519","17-Feb-10","204.19","204.31","200.86",202.55,15585530
"520","16-Feb-10","201.94","203.69","201.52",203.4,19426823
"521","15-Feb-10","-","-","-",200.38,0
"522","12-Feb-10","198.11","201.64","195.50",200.38,23409558
"523","11-Feb-10","194.88","199.75","194.06",198.67,19655129
"524","10-Feb-10","195.89","196.60","194.26",195.12,13227174
"525","9-Feb-10","196.42","197.50","194.75",196.19,22603004
"526","8-Feb-10","195.69","197.88","194.00",194.12,17081017
"527","5-Feb-10","192.62","196.00","190.85",195.46,30368050
"528","4-Feb-10","196.73","198.37","191.57",192.05,27058966
"529","3-Feb-10","195.17","200.20","194.42",199.23,21975967
"530","2-Feb-10","195.91","196.32","193.38",195.86,24940759
"531","1-Feb-10","192.37","196.00","191.30",194.73,26781203
"532","29-Jan-10","201.08","202.20","190.25",192.06,44498255
"533","28-Jan-10","204.93","205.50","198.70",199.29,41910768
"534","27-Jan-10","206.85","210.58","199.53",207.88,61520290
"535","26-Jan-10","205.95","213.71","202.58",205.94,66682498
"536","25-Jan-10","202.51","204.70","200.19",203.08,38060686
"537","22-Jan-10","206.78","207.50","197.16",197.75,31491696
"538","21-Jan-10","212.08","213.31","207.21",208.07,21719795
"539","20-Jan-10","214.91","215.55","209.50",211.72,21862556
"540","19-Jan-10","208.33","215.19","207.24",215.04,26071660
"541","18-Jan-10","-","-","-",205.93,0
"542","15-Jan-10","210.93","211.60","205.87",205.93,21226295
"543","14-Jan-10","210.11","210.46","209.02",209.43,15469773
"544","13-Jan-10","207.87","210.93","204.10",210.65,21638905
"545","12-Jan-10","209.19","209.77","206.42",207.72,21230682
"546","11-Jan-10","212.80","213.00","208.45",210.11,16508195
"547","8-Jan-10","210.30","212.00","209.06",211.98,15995583
"548","7-Jan-10","211.75","212.00","209.05",210.58,17040332
"549","6-Jan-10","214.38","215.23","210.75",210.97,19719942
"550","5-Jan-10","214.60","215.59","213.25",214.38,21496572
"551","4-Jan-10","213.43","214.50","212.38",214.01,17633150
"552","1-Jan-10","-","-","-",210.73,0
"553","31-Dec-09","213.13","213.35","210.56",210.73,12586097
"554","30-Dec-09","208.83","212.00","208.31",211.64,14717244
"555","29-Dec-09","212.63","212.72","208.73",209.1,15900153
"556","28-Dec-09","211.72","213.95","209.61",211.61,23020150
"557","25-Dec-09","-","-","-",209.04,0
"558","24-Dec-09","203.55","209.35","203.35",209.04,17888855
"559","23-Dec-09","201.25","202.38","200.81",202.1,12340141
"560","22-Dec-09","199.44","200.85","198.66",200.36,12482649
"561","21-Dec-09","196.05","199.75","195.67",198.23,21870444
"562","18-Dec-09","193.17","195.50","192.60",195.43,21741788
"563","17-Dec-09","194.26","195.00","191.00",191.86,13887008
"564","16-Dec-09","195.10","196.50","194.55",195.03,12611382
"565","15-Dec-09","195.83","197.51","193.27",194.17,14989779
"566","14-Dec-09","195.37","197.43","192.56",196.98,17706732
"567","11-Dec-09","197.78","198.00","193.43",194.67,15349054
"568","10-Dec-09","199.50","199.70","196.12",196.43,17488165
"569","9-Dec-09","191.28","198.16","190.31",197.8,24456455
"570","8-Dec-09","189.36","192.35","188.70",189.87,24657040
"571","7-Dec-09","193.32","193.77","188.68",188.95,25527094
"572","4-Dec-09","199.70","199.88","190.28",193.32,29539524
"573","3-Dec-09","197.42","198.98","196.27",196.48,16025654
"574","2-Dec-09","198.96","201.42","195.75",196.23,25544958
"575","1-Dec-09","202.24","202.77","196.83",196.97,16634369
"576","30-Nov-09","201.11","201.68","198.77",199.91,15173418
"577","27-Nov-09","199.22","202.96","198.37",200.59,10544892
"578","26-Nov-09","-","-","-",204.19,0
"579","25-Nov-09","205.40","205.65","203.76",204.19,10237473
"580","24-Nov-09","205.33","205.88","202.90",204.44,11372742
"581","23-Nov-09","203.00","206.00","202.95",205.88,16970533
"582","20-Nov-09","199.15","200.39","197.76",199.92,14531795
"583","19-Nov-09","204.61","204.61","199.80",200.51,19368789
"584","18-Nov-09","206.54","207.00","204.00",205.96,13368552
"585","17-Nov-09","206.08","207.44","205.00",207,14161152
"586","16-Nov-09","205.48","208.00","205.01",206.63,17328717
"587","13-Nov-09","202.87","204.83","202.07",204.45,12261823
"588","12-Nov-09","203.14","204.87","201.43",201.99,12996979
"589","11-Nov-09","204.56","205.00","201.83",203.25,15859930
"590","10-Nov-09","201.02","204.98","201.01",202.98,14328340
"591","9-Nov-09","196.94","201.90","196.26",201.46,18887669
"592","6-Nov-09","192.51","195.19","192.40",194.34,10543909
"593","5-Nov-09","192.40","195.00","191.82",194.03,13747257
"594","4-Nov-09","190.73","193.85","190.23",190.81,17419357
"595","3-Nov-09","187.85","189.52","185.92",188.75,18662202
"596","2-Nov-09","189.80","192.88","185.57",189.31,24271033
"597","30-Oct-09","196.06","196.80","186.07",188.5,25625842
"598","29-Oct-09","195.00","196.81","192.14",196.35,20371723
"599","28-Oct-09","197.71","198.02","191.10",192.4,29228031
"600","27-Oct-09","201.66","202.81","196.45",197.37,27019639
"601","26-Oct-09","203.67","206.75","200.10",202.48,17297769
"602","23-Oct-09","205.70","205.80","203.23",203.94,15028062
"603","22-Oct-09","204.70","207.85","202.51",205.2,28263975
"604","21-Oct-09","199.52","208.71","199.23",204.92,42633075
"605","20-Oct-09","200.60","201.75","197.85",198.76,40751402
"606","19-Oct-09","187.85","190.00","185.55",189.86,33651048
"607","16-Oct-09","189.35","190.36","187.84",188.05,15408027
"608","15-Oct-09","189.63","190.92","189.53",190.56,13341246
"609","14-Oct-09","192.25","192.32","190.23",191.29,13420377
"610","13-Oct-09","190.63","191.17","189.70",190.02,12429226
"611","12-Oct-09","191.02","191.51","189.64",190.81,10291108
"612","9-Oct-09","188.97","190.70","188.62",190.47,10478335
"613","8-Oct-09","190.66","191.45","188.89",189.27,15650328
"614","7-Oct-09","189.76","190.55","189.03",190.25,16630987
"615","6-Oct-09","187.74","190.01","187.30",190.01,21610125
"616","5-Oct-09","186.20","186.86","184.27",186.02,15111866
"617","2-Oct-09","181.41","185.94","181.35",184.9,19765524
"618","1-Oct-09","185.35","186.22","180.70",180.86,18739677
"619","30-Sep-09","186.13","186.45","182.61",185.35,19270805
"620","29-Sep-09","186.73","187.40","184.31",185.38,12335197
"621","28-Sep-09","183.87","186.68","183.33",186.15,12058857
"622","25-Sep-09","182.01","185.50","181.44",182.37,15910266
"623","24-Sep-09","187.20","187.70","182.77",183.82,19674213
"624","23-Sep-09","185.40","188.90","185.03",185.5,21215709
"625","22-Sep-09","185.19","185.38","182.85",184.48,12748713
"626","21-Sep-09","184.29","185.16","181.62",184.02,15632701
"627","18-Sep-09","185.83","186.55","184.76",185.02,21490980
"628","17-Sep-09","181.98","186.79","181.97",184.55,28948952
"629","16-Sep-09","177.99","182.75","177.88",181.87,26929357
"630","15-Sep-09","174.04","175.65","173.59",175.16,15231079
"631","14-Sep-09","170.83","173.90","170.25",173.72,11500373
"632","11-Sep-09","172.91","173.18","170.87",172.16,12462884
"633","10-Sep-09","172.06","173.25","170.81",172.56,17540478
"634","9-Sep-09","172.78","174.47","169.70",171.14,28974698
"635","8-Sep-09","172.98","173.14","172.00",172.93,11251661
"636","4-Sep-09","167.28","170.70","167.09",170.31,13379522
"637","3-Sep-09","166.44","167.10","165.00",166.55,10503673
"638","2-Sep-09","164.62","167.61","164.11",165.18,13014301
"639","1-Sep-09","167.99","170.00","164.94",165.3,16750905
"640","31-Aug-09","168.16","168.85","166.50",168.21,11126441
"641","28-Aug-09","172.27","172.49","168.53",170.05,16209204
"642","27-Aug-09","168.75","169.57","164.83",169.45,16042118
"643","26-Aug-09","168.92","169.55","166.76",167.41,10857067
"644","25-Aug-09","169.46","170.94","169.13",169.4,11584049
"645","24-Aug-09","170.12","170.71","168.27",169.06,14533168
"646","21-Aug-09","167.65","169.37","166.80",169.22,14859756
"647","20-Aug-09","164.98","166.72","164.61",166.33,12221390
"648","19-Aug-09","162.75","165.30","162.45",164.6,14759695
"649","18-Aug-09","161.63","164.24","161.41",164,15398221
"650","17-Aug-09","163.55","163.59","159.42",159.59,18727893
"651","14-Aug-09","167.94","168.23","165.53",166.78,10930325
"652","13-Aug-09","166.65","168.67","166.50",168.42,15720085
"653","12-Aug-09","162.55","166.71","162.46",165.31,15895377
"654","11-Aug-09","163.69","164.38","161.88",162.83,12696022
"655","10-Aug-09","165.66","166.60","163.66",164.72,10729827
"656","7-Aug-09","165.49","166.60","164.80",165.51,13838704
"657","6-Aug-09","165.58","166.51","163.09",163.91,12206233
"658","5-Aug-09","165.75","167.39","164.21",165.11,15113619
"659","4-Aug-09","164.93","165.57","164.21",165.55,14136053
"660","3-Aug-09","165.21","166.64","164.87",166.43,14079982
"661","31-Jul-09","162.99","165.00","162.91",163.39,15096136
"662","30-Jul-09","161.70","164.72","161.50",162.79,16771544
"663","29-Jul-09","158.90","160.45","158.25",160.03,13658150
"664","28-Jul-09","158.88","160.10","157.60",160,12984019
"665","27-Jul-09","160.17","160.88","157.26",160.1,15475401
"666","24-Jul-09","156.95","160.00","156.50",159.99,15655702
"667","23-Jul-09","156.63","158.44","155.56",157.82,18820054
"668","22-Jul-09","157.79","158.73","156.11",156.74,31217976
"669","21-Jul-09","153.29","153.43","149.75",151.51,31242187
"670","20-Jul-09","153.27","155.04","150.89",152.91,26268741
"671","17-Jul-09","149.08","152.02","148.63",151.75,21505493
"672","16-Jul-09","145.76","148.02","145.57",147.52,14056023
"673","15-Jul-09","145.04","147.00","144.32",146.88,17342302
"674","14-Jul-09","142.03","143.18","141.16",142.27,12410774
"675","13-Jul-09","139.54","142.34","137.53",142.34,17277642
"676","10-Jul-09","136.34","138.97","136.32",138.52,15902608
"677","9-Jul-09","137.76","137.99","135.93",136.36,12255205
"678","8-Jul-09","135.92","138.04","134.42",137.22,20568864
"679","7-Jul-09","138.48","139.68","135.18",135.4,16492156
"680","6-Jul-09","138.70","138.99","136.25",138.61,17810219
"681","3-Jul-09","-","-","-",140.02,0
"682","2-Jul-09","141.25","142.83","139.79",140.02,13236264
"683","1-Jul-09","143.50","144.66","142.52",142.83,14795450
"684","30-Jun-09","142.58","143.80","141.80",142.43,15508920
"685","29-Jun-09","143.46","143.95","141.54",141.97,20273642
"686","26-Jun-09","139.79","143.56","139.74",142.44,15695426
"687","25-Jun-09","135.75","140.20","135.21",139.86,21060313
"688","24-Jun-09","135.42","137.50","134.86",136.22,17340169
"689","23-Jun-09","136.40","136.95","132.88",134.01,25233210
"690","22-Jun-09","140.67","141.56","136.33",137.37,22675441
"691","19-Jun-09","138.07","139.50","136.90",139.48,25780518
"692","18-Jun-09","136.11","138.00","135.59",135.88,15274289
"693","17-Jun-09","136.67","137.45","134.53",135.58,20407596
"694","16-Jun-09","136.66","138.47","136.10",136.35,18385891
"695","15-Jun-09","136.01","136.93","134.89",136.09,19283873
"696","12-Jun-09","138.81","139.10","136.04",136.97,20110176
"697","11-Jun-09","139.55","141.56","138.55",139.95,18743693
"698","10-Jun-09","142.28","142.35","138.30",140.25,24599961
"699","9-Jun-09","143.81","144.56","140.55",142.72,24177268
"700","8-Jun-09","143.82","144.23","139.43",143.85,33273239
"701","5-Jun-09","145.31","146.40","143.21",144.67,22596982
"702","4-Jun-09","140.13","144.18","140.04",143.74,19665427
"703","3-Jun-09","140.00","141.11","139.07",140.95,20185656
"704","2-Jun-09","138.99","141.34","138.35",139.49,16293676
"705","1-Jun-09","136.47","139.99","136.00",139.35,16166712
"706","29-May-09","135.39","135.90","133.85",135.81,16309086
"707","28-May-09","133.45","135.39","132.03",135.07,17412504
"708","27-May-09","131.78","134.98","130.91",133.05,23105810
"709","26-May-09","124.76","130.83","124.55",130.78,22747347
"710","22-May-09","124.05","124.18","121.75",122.5,10645315
"711","21-May-09","125.15","126.78","122.89",124.18,14577894
"712","20-May-09","127.63","129.21","125.30",125.87,13884720
"713","19-May-09","126.82","129.31","125.74",127.45,13300787
"714","18-May-09","123.73","126.70","121.57",126.65,16395908
"715","15-May-09","122.32","124.62","121.61",122.42,13127320
"716","14-May-09","119.78","123.53","119.70",122.95,15996710
"717","13-May-09","123.21","124.02","119.38",119.49,21284603
"718","12-May-09","129.56","129.71","123.25",124.42,21767115
"719","11-May-09","127.37","130.96","127.12",129.57,14456531
"720","8-May-09","129.04","131.23","126.26",129.19,16715152
"721","7-May-09","132.33","132.39","127.90",129.06,18996275
"722","6-May-09","133.33","133.50","130.22",132.5,16915788
"723","5-May-09","131.75","132.86","131.12",132.71,14228616
"724","4-May-09","128.24","132.25","127.68",132.07,21770742
"725","1-May-09","125.80","127.95","125.80",127.24,14199605
"726","30-Apr-09","126.22","127.00","124.92",125.83,17803154
"727","29-Apr-09","124.85","126.85","123.83",125.14,16366365
"728","28-Apr-09","123.35","126.21","123.26",123.9,16280594
"729","27-Apr-09","122.90","125.00","122.66",124.73,17171919
"730","24-Apr-09","124.64","125.14","122.97",123.9,19319523
"731","23-Apr-09","126.62","127.20","123.51",125.4,33755599
"732","22-Apr-09","122.63","125.35","121.20",121.51,33527396
"733","21-Apr-09","118.89","122.14","118.60",121.76,16810144
"734","20-Apr-09","121.73","122.99","119.16",120.5,16666217
"735","17-Apr-09","121.18","124.25","120.25",123.42,17774382
"736","16-Apr-09","119.19","123.15","118.79",121.45,21199366
"737","15-Apr-09","117.20","118.25","115.76",117.64,14750970
"738","14-Apr-09","119.57","120.17","117.25",118.31,16241275
"739","13-Apr-09","120.01","120.98","119.00",120.22,13909579
"740","10-Apr-09","-","-","-",119.57,0
"741","9-Apr-09","118.42","120.00","117.96",119.57,18962010
"742","8-Apr-09","115.43","116.79","114.58",116.32,16272481
"743","7-Apr-09","116.53","116.67","114.19",115,19170924
"744","6-Apr-09","114.94","118.75","113.28",118.45,23502232
"745","3-Apr-09","114.19","116.13","113.52",115.99,22726609
"746","2-Apr-09","110.14","114.75","109.78",112.71,29013066
"747","1-Apr-09","104.09","109.00","103.89",108.69,21056938
"748","31-Mar-09","105.45","107.45","105.00",105.12,20359987
"749","30-Mar-09","104.51","105.01","102.61",104.49,17959335
"750","27-Mar-09","108.23","108.53","106.40",106.85,17608669
"751","26-Mar-09","107.83","109.98","107.58",109.87,22008968
"752","25-Mar-09","107.58","108.36","103.86",106.49,23094698
"753","24-Mar-09","106.36","109.44","105.39",106.5,22979535
"754","23-Mar-09","102.71","108.16","101.75",107.66,23805871
"755","20-Mar-09","102.09","103.11","100.57",101.59,24846589
"756","19-Mar-09","101.85","103.20","100.25",101.62,17868495
"757","18-Mar-09","99.91","103.48","99.72",101.52,28435765
"758","17-Mar-09","95.24","99.69","95.07",99.66,28143586
"759","16-Mar-09","96.53","97.39","94.18",95.42,28483820
"760","13-Mar-09","96.30","97.20","95.01",95.93,21474296
"761","12-Mar-09","92.90","96.58","92.00",96.35,27457620
"762","11-Mar-09","89.81","94.07","89.58",92.68,30242322
"763","10-Mar-09","84.87","89.17","84.36",88.63,30160893
"764","9-Mar-09","84.18","87.60","82.57",83.11,24945622
"765","6-Mar-09","88.34","88.40","82.33",85.3,36112366
"766","5-Mar-09","90.46","91.87","88.45",88.84,25246234
"767","4-Mar-09","90.18","92.77","89.45",91.17,26483089
"768","3-Mar-09","88.93","90.74","87.88",88.37,25869274
"769","2-Mar-09","88.12","91.20","87.67",87.94,27534710
"770","27-Feb-09","87.93","91.30","87.67",89.31,25240864
"771","26-Feb-09","92.00","92.92","88.96",89.19,22501991
"772","25-Feb-09","89.86","92.92","89.25",91.16,29761143
"773","24-Feb-09","87.45","90.89","87.00",90.25,28824737
"774","23-Feb-09","91.65","92.00","86.51",86.95,28106145
"775","20-Feb-09","89.40","92.40","89.00",91.2,26796442
"776","19-Feb-09","93.37","94.25","90.11",90.64,32957221
"777","18-Feb-09","95.05","95.85","92.72",94.37,24448863
"778","17-Feb-09","96.87","97.04","94.28",94.53,24222626
"779","13-Feb-09","98.99","99.94","98.12",99.16,21752370
"780","12-Feb-09","95.83","99.75","95.83",99.27,29190809
"781","11-Feb-09","96.37","98.31","95.77",96.82,24110999
"782","10-Feb-09","101.33","102.51","97.06",97.83,30332806
"783","9-Feb-09","100.00","103.00","99.50",102.51,25535704
"784","6-Feb-09","97.02","100.00","97.00",99.72,24540631
"785","5-Feb-09","92.77","97.25","92.62",96.46,26764791
"786","4-Feb-09","93.22","96.25","93.10",93.55,28871894
"787","3-Feb-09","91.92","93.38","90.28",92.98,21408688
"788","2-Feb-09","89.10","92.00","88.90",91.51,19943336
"789","30-Jan-09","92.60","93.62","90.01",90.13,23279341
"790","29-Jan-09","93.09","94.34","92.60",93,21185715
"791","28-Jan-09","92.12","95.00","91.50",94.2,31385983
"792","27-Jan-09","90.19","91.55","89.74",90.73,22090209
"793","26-Jan-09","88.86","90.97","88.30",89.64,24979122
"794","23-Jan-09","86.82","89.87","86.50",88.36,27277482
"795","22-Jan-09","88.04","90.00","85.82",88.36,50340261
"796","21-Jan-09","79.39","82.88","79.31",82.83,39287517
"797","20-Jan-09","81.93","82.00","78.20",78.2,32886821
"798","16-Jan-09","84.30","84.38","80.40",82.33,37445787
"799","15-Jan-09","80.57","84.12","80.05",83.38,65829770
"800","14-Jan-09","86.24","87.25","84.72",85.33,38285202
"801","13-Jan-09","88.24","89.74","86.35",87.71,28532683
"802","12-Jan-09","90.46","90.99","87.55",88.66,22075734
"803","9-Jan-09","93.21","93.38","90.14",90.58,19635107
"804","8-Jan-09","90.43","93.15","90.04",92.7,24052284
"805","7-Jan-09","91.81","92.50","90.26",91.01,27042958
"806","6-Jan-09","95.95","97.17","92.39",93.02,46149129
"807","5-Jan-09","93.17","96.18","92.71",94.58,42458779
"808","2-Jan-09","85.88","91.04","85.16",90.75,26964210
"809","1-Jan-09","-","-","-",85.35,0
"810","31-Dec-08","85.97","87.74","85.34",85.35,21715763
"811","30-Dec-08","87.42","88.05","84.72",86.29,34579620
"812","29-Dec-08","86.52","87.62","85.07",86.61,24567225
"813","26-Dec-08","86.64","87.42","85.24",85.81,11043071
"814","25-Dec-08","-","-","-",85.04,0
"815","24-Dec-08","86.14","86.25","84.55",85.04,9694994
"816","23-Dec-08","86.87","87.87","85.90",86.38,22917026
"817","22-Dec-08","90.02","90.03","84.69",85.74,30182216
"818","19-Dec-08","89.94","90.94","88.80",90,29105844
"819","18-Dec-08","89.31","90.83","88.44",89.43,30633639
"820","17-Dec-08","91.03","91.10","88.02",89.16,46432736
"821","16-Dec-08","93.98","96.48","92.75",95.43,40159758
"822","15-Dec-08","95.99","96.21","93.00",94.75,31858968
"823","12-Dec-08","92.80","99.00","92.53",98.27,37243348
"824","11-Dec-08","97.35","101.24","94.83",95,37260007
"825","10-Dec-08","97.87","99.49","96.50",98.21,33517137
"826","9-Dec-08","98.09","103.60","97.21",100.06,43004198
"827","8-Dec-08","97.28","100.80","95.80",99.72,42346166
"828","5-Dec-08","90.35","94.49","88.86",94,37300120
"829","4-Dec-08","94.43","95.21","89.06",91.41,38988771
"830","3-Dec-08","89.40","96.23","88.80",95.9,47864908
"831","2-Dec-08","90.03","92.65","86.50",92.47,41050587
"832","1-Dec-08","91.30","92.27","88.92",88.93,33005789
"833","28-Nov-08","94.70","94.76","91.86",92.67,10757337
"834","27-Nov-08","-","-","-",95,0
"835","26-Nov-08","89.92","95.25","89.85",95,32160801
"836","25-Nov-08","94.63","94.71","88.16",90.8,44127030
"837","24-Nov-08","85.21","94.79","84.84",92.95,51524734
"838","21-Nov-08","81.93","84.12","79.14",82.58,56056064
"839","20-Nov-08","85.24","86.45","80.00",80.49,61312137
"840","19-Nov-08","89.44","91.58","86.21",86.29,41866901
"841","18-Nov-08","89.64","90.99","86.86",89.91,43226932
"842","17-Nov-08","88.48","90.55","87.26",88.14,41532997
"843","14-Nov-08","93.76","93.99","90.00",90.24,50188530
"844","13-Nov-08","89.87","96.44","86.02",96.44,66262918
"845","12-Nov-08","92.43","93.24","90.01",90.12,42104581
"846","11-Nov-08","94.81","97.17","92.26",94.77,43749871
"847","10-Nov-08","100.17","100.40","94.50",95.88,40210214
"848","7-Nov-08","99.24","99.85","95.72",98.24,39129879
"849","6-Nov-08","101.05","102.78","98.00",99.1,47129942
"850","5-Nov-08","108.91","109.72","102.99",103.3,44915163
"851","4-Nov-08","109.99","111.79","106.67",110.99,49998779
"852","3-Nov-08","105.93","109.10","104.86",106.96,37801380
"853","31-Oct-08","107.40","110.78","105.14",107.59,59291831
"854","30-Oct-08","108.23","112.19","107.61",111.04,58503130
"855","29-Oct-08","100.86","109.54","99.94",104.55,69761344
"856","28-Oct-08","95.43","100.50","92.37",99.91,58418200
"857","27-Oct-08","95.07","97.63","91.86",92.09,43192456
"858","24-Oct-08","90.33","97.90","90.11",96.38,56776428
"859","23-Oct-08","96.51","99.25","91.90",98.23,59836774
"860","22-Oct-08","97.37","101.25","92.93",96.87,80314583
"861","21-Oct-08","96.95","97.90","91.16",91.49,78344909
"862","20-Oct-08","99.78","100.03","93.64",98.44,55327434
"863","17-Oct-08","99.60","102.04","85.88",97.4,62968111
"864","16-Oct-08","99.77","103.43","91.74",101.89,70732875
"865","15-Oct-08","103.84","107.00","97.89",97.95,56577695
"866","14-Oct-08","116.26","116.40","103.14",104.08,70799596
"867","13-Oct-08","104.55","110.53","101.02",110.26,55017170
"868","10-Oct-08","85.70","100.00","85.00",96.8,79296481
"869","9-Oct-08","93.35","95.80","86.60",88.74,57792499
"870","8-Oct-08","85.91","96.33","85.68",89.79,78903010
"871","7-Oct-08","100.48","101.50","88.95",89.16,67205977
"872","6-Oct-08","91.96","98.78","87.54",98.14,75279639
"873","3-Oct-08","104.00","106.50","94.65",97.07,82128597
"874","2-Oct-08","108.01","108.79","100.00",100.1,57518522
"875","1-Oct-08","111.92","112.36","107.39",109.12,46335451
"876","30-Sep-08","108.25","115.00","106.30",113.66,58133772
"877","29-Sep-08","119.62","119.68","100.59",105.26,93644809
"878","26-Sep-08","124.91","129.80","123.00",128.24,40216217
"879","25-Sep-08","129.80","134.79","128.52",131.93,35930140
"880","24-Sep-08","127.27","130.95","125.15",128.71,37405903
"881","23-Sep-08","131.85","135.80","126.66",126.84,45827195
"882","22-Sep-08","139.94","140.25","130.66",131.05,30596882
"883","19-Sep-08","142.60","144.20","136.31",140.91,51124696
"884","18-Sep-08","130.57","135.43","120.68",134.09,59866187
"885","17-Sep-08","138.49","138.51","127.83",127.83,42873320
"886","16-Sep-08","133.86","142.50","132.15",139.88,42851292
"887","15-Sep-08","142.03","147.69","140.36",140.36,32879787
"888","12-Sep-08","150.91","150.91","146.50",148.94,28326685
"889","11-Sep-08","148.18","152.99","146.00",152.65,34683322
"890","10-Sep-08","152.32","154.99","148.80",151.61,34761594
"891","9-Sep-08","156.86","159.96","149.79",151.68,44465156
"892","8-Sep-08","164.57","164.89","151.46",157.92,37365411
"893","5-Sep-08","158.59","162.40","157.65",160.18,28102959
"894","4-Sep-08","165.86","167.91","160.81",161.22,26578982
"895","3-Sep-08","166.84","168.68","164.00",166.96,26248117
"896","2-Sep-08","172.40","173.50","165.00",166.19,27908193
"897","29-Aug-08","172.96","173.50","169.04",169.53,21404481
"898","28-Aug-08","175.28","176.25","172.75",173.74,15406578
"899","27-Aug-08","173.31","175.76","172.19",174.67,17063546
"900","26-Aug-08","172.76","174.88","172.61",173.64,15920648
"901","25-Aug-08","176.15","176.23","171.66",172.55,17303450
"902","22-Aug-08","175.82","177.50","175.57",176.79,15704473
"903","21-Aug-08","174.47","175.45","171.89",174.29,19286365
"904","20-Aug-08","174.77","176.94","173.61",175.84,18111738
"905","19-Aug-08","174.54","177.07","171.81",173.53,22007236
"906","18-Aug-08","175.57","177.81","173.82",175.39,19714732
"907","15-Aug-08","179.04","179.75","175.05",175.74,25296349
"908","14-Aug-08","178.33","180.45","177.84",179.32,25403601
"909","13-Aug-08","177.98","180.00","175.90",179.3,30100786
"910","12-Aug-08","173.52","179.29","173.51",176.73,29872166
"911","11-Aug-08","170.07","176.50","169.67",173.56,31832206
"912","8-Aug-08","163.86","169.65","163.75",169.55,25500650
"913","7-Aug-08","162.71","166.15","161.50",163.57,24017815
"914","6-Aug-08","159.97","167.40","158.00",164.19,28266458
"915","5-Aug-08","155.42","160.80","154.82",160.64,24594669
"916","4-Aug-08","156.60","157.90","152.91",153.23,21167696
"917","1-Aug-08","159.90","159.99","155.75",156.66,19457796
"918","31-Jul-08","157.54","162.20","156.98",158.95,22768525
"919","30-Jul-08","157.78","160.49","156.08",159.88,25902261
"920","29-Jul-08","155.41","159.45","153.65",157.08,24437215
"921","28-Jul-08","162.34","162.47","154.02",154.4,27891235
"922","25-Jul-08","160.40","163.00","158.65",162.12,22625472
"923","24-Jul-08","164.32","165.26","158.45",159.03,29986320
"924","23-Jul-08","164.99","168.37","161.56",166.26,37920218
"925","22-Jul-08","149.00","162.76","146.53",162.02,67128289
"926","21-Jul-08","166.90","167.50","161.12",166.29,48588195
"927","18-Jul-08","168.52","169.65","165.00",165.15,31004574
"928","17-Jul-08","174.10","174.98","171.39",171.81,27054456
"929","16-Jul-08","170.20","172.93","168.60",172.81,26716567
"930","15-Jul-08","172.48","173.74","166.39",169.64,37144352
"931","14-Jul-08","179.24","179.30","173.08",173.88,31644790
"932","11-Jul-08","175.47","177.11","171.00",172.58,33214614
"933","10-Jul-08","174.92","177.34","171.37",176.63,30024547
"934","9-Jul-08","180.20","180.91","174.14",174.25,32003589
"935","8-Jul-08","175.40","179.70","172.74",179.55,31738989
"936","7-Jul-08","173.16","177.13","171.90",175.16,29299603
"937","3-Jul-08","169.59","172.17","165.75",170.12,18694175
"938","2-Jul-08","175.20","177.45","168.18",168.18,29951728
"939","1-Jul-08","164.23","174.72","164.00",174.68,39688556
"940","30-Jun-08","170.06","172.00","166.62",167.44,24440648
"941","27-Jun-08","166.51","170.57","164.15",170.09,37222315
"942","26-Jun-08","174.07","174.84","168.01",168.26,31057440
"943","25-Jun-08","174.61","178.83","173.88",177.39,23016067
"944","24-Jun-08","172.37","175.78","171.63",173.25,22216923
"945","23-Jun-08","174.74","175.88","171.56",173.16,23072024
"946","20-Jun-08","179.35","181.00","175.00",175.27,31720067
"947","19-Jun-08","178.55","182.34","176.80",180.9,28311343
"948","18-Jun-08","181.12","182.20","177.35",178.75,28980970
"949","17-Jun-08","178.10","181.99","177.41",181.43,32148419
"950","16-Jun-08","171.30","177.90","169.07",176.84,37561768
"951","13-Jun-08","171.64","174.16","165.31",172.37,48060646
"952","12-Jun-08","181.49","182.60","171.20",173.26,46726115
"953","11-Jun-08","184.34","186.00","179.59",180.81,34341045
"954","10-Jun-08","180.51","186.78","179.02",185.64,40747845
"955","9-Jun-08","184.79","184.94","175.75",181.61,67442535
"956","6-Jun-08","188.00","189.95","185.55",185.64,34504377
"957","5-Jun-08","186.34","189.84","185.70",189.43,26980102
"958","4-Jun-08","184.02","187.09","183.23",185.19,25981128
"959","3-Jun-08","186.86","188.20","182.34",185.37,27049567
"960","2-Jun-08","188.60","189.65","184.53",186.1,24280000
"961","30-May-08","187.45","189.54","187.38",188.75,21784360
"962","29-May-08","186.76","188.20","185.50",186.69,23113799
"963","28-May-08","187.41","187.95","183.72",187.01,26570641
"964","27-May-08","182.75","186.43","181.84",186.43,28210871
"965","23-May-08","180.77","181.99","177.80",181.17,32428828
"966","22-May-08","179.26","181.33","172.00",177.05,43105919
"967","21-May-08","185.67","188.00","176.25",178.19,41344865
"968","20-May-08","181.82","186.16","180.12",185.9,34637473
"969","19-May-08","187.86","188.69","181.30",183.6,33796411
"970","16-May-08","190.11","190.30","187.00",187.62,27348837
"971","15-May-08","186.81","189.90","184.20",189.73,31185978
"972","14-May-08","191.23","192.24","185.57",186.26,32743680
"973","13-May-08","188.61","191.45","187.86",189.96,29401281
"974","12-May-08","185.21","188.87","182.85",188.16,29263070
"975","9-May-08","183.16","184.25","181.37",183.45,24031955
"976","8-May-08","183.77","186.50","183.07",185.06,32110148
"977","7-May-08","186.05","188.20","180.54",182.59,41326175
"978","6-May-08","184.66","187.12","182.18",186.66,32816765
"979","5-May-08","181.92","185.31","181.05",184.73,30519889
"980","2-May-08","180.19","181.92","178.55",180.94,35922773
"981","1-May-08","174.96","180.00","174.86",180,32270581
"982","30-Apr-08","176.19","180.00","172.92",173.95,40697228
"983","29-Apr-08","171.11","175.66","170.25",175.05,32981265
"984","28-Apr-08","169.75","173.75","169.13",172.24,28114734
"985","25-Apr-08","170.70","171.10","166.42",169.73,35445425
"986","24-Apr-08","165.34","169.98","159.19",168.94,60616273
"987","23-Apr-08","164.05","164.84","161.08",162.89,53721101
"988","22-Apr-08","167.40","168.00","158.09",160.2,51413219
"989","21-Apr-08","162.21","168.50","161.76",168.16,37112590
"990","18-Apr-08","159.12","162.26","158.38",161.04,36662793
"991","17-Apr-08","154.17","156.00","153.35",154.49,25189279
"992","16-Apr-08","151.72","154.10","150.62",153.7,28420420
"993","15-Apr-08","149.40","149.72","145.72",148.38,24929883
"994","14-Apr-08","146.77","149.25","144.54",147.78,30189396
"995","11-Apr-08","152.72","153.30","146.40",147.14,43184829
"996","10-Apr-08","151.13","155.42","150.60",154.55,34160321
"997","9-Apr-08","153.31","153.89","150.46",151.44,31211125
"998","8-Apr-08","153.55","156.45","152.32",152.84,36258626
"999","7-Apr-08","156.13","159.69","155.11",155.89,41395988
"1000","4-Apr-08","152.19","154.72","150.75",153.08,30524395
"1001","3-Apr-08","147.06","153.63","147.00",151.61,37563004
"1002","2-Apr-08","148.78","151.20","145.85",147.49,37320214
"1003","1-Apr-08","146.30","149.66","143.61",149.53,36877317
"1004","31-Mar-08","143.27","145.71","142.52",143.5,27430839
"1005","28-Mar-08","141.80","144.65","141.60",143.01,25547083
"1006","27-Mar-08","144.95","145.31","139.99",140.25,35708131
"1007","26-Mar-08","140.87","145.74","140.64",145.06,42217233
"1008","25-Mar-08","139.96","143.10","137.33",140.98,37596140
"1009","24-Mar-08","134.01","140.85","133.64",139.53,38119507
"1010","20-Mar-08","131.12","133.29","129.18",133.27,32456650
"1011","19-Mar-08","133.12","134.29","129.67",129.67,36090600
"1012","18-Mar-08","129.18","133.00","128.67",132.82,43039945
"1013","17-Mar-08","122.55","128.59","122.55",126.73,38307074
"1014","14-Mar-08","129.88","130.30","124.20",126.61,41316269
"1015","13-Mar-08","124.10","129.50","123.00",127.94,45151255
"1016","12-Mar-08","127.04","128.68","125.17",126.03,37843856
"1017","11-Mar-08","124.10","127.48","122.00",127.35,41622202
"1018","10-Mar-08","121.98","123.46","119.37",119.69,35739047
"1019","7-Mar-08","120.41","122.98","119.05",122.25,43949217
"1020","6-Mar-08","124.62","127.50","120.81",120.93,52632054
"1021","5-Mar-08","123.58","125.14","122.25",124.49,43636940
"1022","4-Mar-08","121.99","124.88","120.40",124.62,63763682
"1023","3-Mar-08","124.44","125.98","118.00",121.73,56920466
